video_id,video_file,timestamp,opponent,qtr,clock,down,dist,ytg,bucket,formation,off_personnel,off_play,play_source,off_play_guess,guess_basis,def_play,def_family,def_family_source,def_candidates,yards,result,success,panel_timestamp
2026-08-01-notre-dame,EA SPORTS™ College Football 26 2026-08-01 10-07-24.mp4,4:01,Notre Dame,1ST,241,1,10,75,1st & 10+,Singleback - Deuce Close,1RB 2TE 2WR,FLOOD TRAIL,panel,,,COVER 3 SKY,Cover 3,panel,DIME LOAD WEA!: SIM PRESSURE 3; EVENT 3 DEEP: COVER 3,0,no_gain,False,4:36
2026-08-01-notre-dame,EA SPORTS™ College Football 26 2026-08-01 10-07-24.mp4,4:33,Notre Dame,1ST,237,2,10,75,2nd & long (7+),,,TE OPTION,panel,,,PINCH ZONE 4,Blitz/Pressure,panel,SHOW2: SHOW 3,20,first_down,True,5:05
2026-08-01-notre-dame,EA SPORTS™ College Football 26 2026-08-01 10-07-24.mp4,4:59,Notre Dame,1ST,233,1,10,55,1st & 10+,Singleback - Wing Pair,,HB STRETCH,panel,,,COVER 2 MAN,Cover 2 Man,panel,KEL 3-3 0V: COVER 4 PALMS,-1,loss,False,5:27
2026-08-01-notre-dame,EA SPORTS™ College Football 26 2026-08-01 10-07-24.mp4,5:22,Notre Dame,1ST,218,2,11,56,2nd & long (7+),Singleback - Wing Tight,,TE SHAKE,panel,,,COVER 2 MAN,Cover 2 Man,panel,CKEL: COVER 2 MAN,14,first_down,True,5:48
2026-08-01-notre-dame,EA SPORTS™ College Football 26 2026-08-01 10-07-24.mp4,5:44,Notre Dame,1ST,202,1,10,42,1st & 10+,,,,,FLOOD TRAIL; HB STRETCH,his most-called plays on 1st & 10+,,,,,31,first_down,True,
2026-08-01-notre-dame,EA SPORTS™ College Football 26 2026-08-01 10-07-24.mp4,6:24,Notre Dame,1ST,165,1,10,11,1st & 10+,,,,,FLOOD TRAIL; HB STRETCH,his most-called plays on 1st & 10+,,Cover 1,on-screen options,3 OVER: 1 ROBBER PRESS,0,no_gain,False,
2026-08-01-notre-dame,EA SPORTS™ College Football 26 2026-08-01 10-07-24.mp4,6:49,Notre Dame,1ST,150,2,10,11,2nd & long (7+),,,Y STICK,panel,,,1 HOLE PRESS,Cover 1,panel,I-3 OVER: T ROBBER PRESSTI,0,no_gain,False,7:41
2026-08-01-notre-dame,EA SPORTS™ College Football 26 2026-08-01 10-07-24.mp4,7:12,Notre Dame,1ST,130,3,10,11,3rd & long (7+),,,,,TE OPTION,his most-called plays on 3rd & long (7+),,Cover 1,on-screen options,I-3 OVEN: 1 ROBBER PRESS; L3OVER: COVER 1 CONTAIN,,turnover?,,
2026-08-01-notre-dame,EA SPORTS™ College Football 26 2026-08-01 10-07-24.mp4,8:28,Notre Dame,1ST,121,1,10,75,1st & 10+,,,,,FLOOD TRAIL; HB STRETCH,his most-called plays on 1st & 10+,,,,,39,first_down,True,
2026-08-01-notre-dame,EA SPORTS™ College Football 26 2026-08-01 10-07-24.mp4,8:32,Notre Dame,1ST,119,1,10,36,1st & 10+,,,,,FLOOD TRAIL; HB STRETCH,his most-called plays on 1st & 10+,,Blitz/Pressure,on-screen options,OVER: OLB FIRE MAN; OVER: LB STING 1,25,first_down,True,
2026-08-01-notre-dame,EA SPORTS™ College Football 26 2026-08-01 10-07-24.mp4,9:02,Notre Dame,1ST,114,1,10,11,1st & 10+,,,,,FLOOD TRAIL; HB STRETCH,his most-called plays on 1st & 10+,,Blitz/Pressure,on-screen options,LOVER: OLB FIRE MAN; 3 OVER: LB STING 1,,turnover?,,
2026-08-01-notre-dame,EA SPORTS™ College Football 26 2026-08-01 10-07-24.mp4,9:21,Notre Dame,1ST,97,2,6,53,2nd & medium (4-6),,,,,TE OPTION; Y STICK; FLOOD TRAIL,his most-called plays overall,,Blitz/Pressure,on-screen options,3OVER: DBL SAFETY BLITZ,0,no_gain,False,
2026-08-01-notre-dame,EA SPORTS™ College Football 26 2026-08-01 10-07-24.mp4,9:38,Notre Dame,1ST,83,3,6,53,3rd & medium (4-6),Singleback - Ace,1RB 2TE 2WR,,,TE OPTION; Y STICK; FLOOD TRAIL,his most-called plays overall,,Cover 1,on-screen options,-3 OVER: 1 ROBBER PRESS,53,touchdown,True,
2026-08-01-notre-dame,EA SPORTS™ College Football 26 2026-08-01 10-07-24.mp4,13:40,Notre Dame,2ND,296,1,10,75,1st & 10+,Singleback - Wing Tight,1RB 3TE 1WR,,,TE SHAKE,seen from Singleback - Wing Tight (1 confirmed),,,,SELECT DEFENDER: © E. VILDOR,25,first_down,True,
2026-08-01-notre-dame,EA SPORTS™ College Football 26 2026-08-01 10-07-24.mp4,14:01,Notre Dame,2ND,290,1,10,50,1st & 10+,,,,,FLOOD TRAIL; HB STRETCH,his most-called plays on 1st & 10+,,Blitz/Pressure,on-screen options,-3 OVER: LB STING 1,14,first_down,True,
2026-08-01-notre-dame,EA SPORTS™ College Football 26 2026-08-01 10-07-24.mp4,14:18,Notre Dame,2ND,280,1,10,36,1st & 10+,,,,,FLOOD TRAIL; HB STRETCH,his most-called plays on 1st & 10+,,,,QUISIDE: LS,5,gain,True,
2026-08-01-notre-dame,EA SPORTS™ College Football 26 2026-08-01 10-07-24.mp4,14:39,Notre Dame,2ND,260,2,5,31,2nd & medium (4-6),,,,,TE OPTION; Y STICK; FLOOD TRAIL,his most-called plays overall,,Cover 1,on-screen options,3 OVER: 1 ROBBER PRESS,1,gain,False,
2026-08-01-notre-dame,EA SPORTS™ College Football 26 2026-08-01 10-07-24.mp4,15:01,Notre Dame,2ND,243,3,4,30,3rd & medium (4-6),Singleback - Wing Tight,1RB 3TE 1WR,,,TE SHAKE,seen from Singleback - Wing Tight (1 confirmed),,Cover 1,on-screen options,13 OVER: 1 ROBBER PRESS,11,first_down,True,
2026-08-01-notre-dame,EA SPORTS™ College Football 26 2026-08-01 10-07-24.mp4,15:18,Notre Dame,2ND,229,1,10,19,1st & 10+,,,,,FLOOD TRAIL; HB STRETCH,his most-called plays on 1st & 10+,,Cover 1,on-screen options,I3 OVER: 1 ROBBER PRESSI,19,touchdown,True,
2026-08-01-notre-dame,EA SPORTS™ College Football 26 2026-08-01 10-07-24.mp4,22:08,Notre Dame,2ND,46,1,10,75,1st & 10+,Singleback - Wing Tight,1RB 3TE 1WR,,,TE SHAKE,seen from Singleback - Wing Tight (1 confirmed),,,,QUTSIDE: RS,,turnover?,,
2026-08-01-notre-dame,EA SPORTS™ College Football 26 2026-08-01 10-07-24.mp4,25:09,Notre Dame,2ND,9,1,10,81,1st & 10+,Gun - Ace Slot,1RB 2TE 2WR,,,FLOOD TRAIL; HB STRETCH,his most-called plays on 1st & 10+,,Cover 3,on-screen options,REVENT 3 DEEP: COVER 3,0,no_gain,False,
2026-08-01-notre-dame,EA SPORTS™ College Football 26 2026-08-01 10-07-24.mp4,25:40,Notre Dame,2ND,5,2,10,81,2nd & long (7+),,1RB 3TE 1WR,,,TE OPTION; TE SHAKE; Y STICK,his most-called plays on 2nd & long (7+),,,,DEEP: MAN 3 DEEP; EVENT 3 DEEP: COVER 3,28,first_down,True,
2026-08-01-notre-dame,EA SPORTS™ College Football 26 2026-08-01 10-07-24.mp4,25:59,Notre Dame,2ND,0,1,10,53,1st & 10+,,,,,FLOOD TRAIL; HB STRETCH,his most-called plays on 1st & 10+,,,,,,end_of_half,,
2026-08-01-notre-dame,EA SPORTS™ College Football 26 2026-08-01 10-07-24.mp4,26:34,Notre Dame,3RD,300,1,10,75,1st & 10+,Singleback - Wing Pair,1RB 3TE 1WR,,,HB STRETCH,seen from Singleback - Wing Pair (1 confirmed),,,,U3:504: OVER 4 QUARTEF,13,first_down,True,
2026-08-01-notre-dame,EA SPORTS™ College Football 26 2026-08-01 10-07-24.mp4,26:57,Notre Dame,3RD,295,1,10,62,1st & 10+,,,,,FLOOD TRAIL; HB STRETCH,his most-called plays on 1st & 10+,,Blitz/Pressure,on-screen options,CKEL 3: EDGE BLITZ C,7,gain,True,
2026-08-01-notre-dame,EA SPORTS™ College Football 26 2026-08-01 10-07-24.mp4,27:16,Notre Dame,3RD,283,2,3,55,2nd & short (1-3),,1RB 3TE 1WR,,,TE OPTION; Y STICK; FLOOD TRAIL,his most-called plays overall,,,,E MUG: COVER 1 HOLE; MUG: MID BLITZ 0; CKEL DOUBLE MUG: COVER 3 SKY,7,first_down,True,
2026-08-01-notre-dame,EA SPORTS™ College Football 26 2026-08-01 10-07-24.mp4,27:38,Notre Dame,3RD,266,1,10,48,1st & 10+,Singleback - Wing Pair,1RB 3TE 1WR,,,HB STRETCH,seen from Singleback - Wing Pair (1 confirmed),,,,SELECT DEFENDER: © N. BATTLE,-1,loss,False,
2026-08-01-notre-dame,EA SPORTS™ College Football 26 2026-08-01 10-07-24.mp4,27:59,Notre Dame,3RD,249,2,11,49,2nd & long (7+),,,,,TE OPTION; TE SHAKE; Y STICK,his most-called plays on 2nd & long (7+),,Blitz/Pressure,on-screen options,LEM: ICKEL OVERLOAD; DOUBLE MUG: LB BLITZ 3,,opponent_score,,
2026-08-01-notre-dame,EA SPORTS™ College Football 26 2026-08-01 10-07-24.mp4,29:09,Notre Dame,3RD,219,1,10,79,1st & 10+,Gun - Ace Slot,1RB 2TE 2WR,,,FLOOD TRAIL; HB STRETCH,his most-called plays on 1st & 10+,,,,CEL DOUB): MID BLITZ O; CKEL DOUBLE MUG: COVER 3 SKY,0,no_gain,False,
2026-08-01-notre-dame,EA SPORTS™ College Football 26 2026-08-01 10-07-24.mp4,29:35,Notre Dame,3RD,215,2,10,79,2nd & long (7+),,1RB 3TE 1WR,,,TE OPTION; TE SHAKE; Y STICK,his most-called plays on 2nd & long (7+),,Cover 3,on-screen options,CKEL DOUBLE MUC: COVER 3 SEAM,38,first_down,True,
2026-08-01-notre-dame,EA SPORTS™ College Football 26 2026-08-01 10-07-24.mp4,29:56,Notre Dame,3RD,209,1,10,41,1st & 10+,Singleback - Wing Tight,1RB 3TE 1WR,,,TE SHAKE,seen from Singleback - Wing Tight (1 confirmed),,Blitz/Pressure,on-screen options,LDOUBLEM: NICKEL OVERLOAD 3; EMUG: LB BLITZ 3,0,no_gain,False,
2026-08-01-notre-dame,EA SPORTS™ College Football 26 2026-08-01 10-07-24.mp4,30:13,Notre Dame,3RD,201,2,10,41,2nd & long (7+),,,,,TE OPTION; TE SHAKE; Y STICK,his most-called plays on 2nd & long (7+),,,,EL DOUBLE MUG: SS BLITZ 3; DOUBLE MUG: TAMPA 2,-4,loss,False,
2026-08-01-notre-dame,EA SPORTS™ College Football 26 2026-08-01 10-07-24.mp4,30:37,Notre Dame,3RD,198,3,14,45,3rd & long (7+),Singleback - Wing Tight,1RB 3TE 1WR,,,TE SHAKE,seen from Singleback - Wing Tight (1 confirmed),,,,L DOUBLE MUG: SS BLITZ 3; KEL DOUB: NICKEL DOG 3 BUZZ; DOUBLE MUG: TAMPA 2,0,no_gain,False,
2026-08-01-notre-dame,EA SPORTS™ College Football 26 2026-08-01 10-07-24.mp4,31:03,Notre Dame,3RD,181,4,14,45,4th & long (7+),,1RB 3TE 1WR,,,TE OPTION; Y STICK; FLOOD TRAIL,his most-called plays overall,,Cover 3,on-screen options,CKEL DOUBLE MU: COVER 3 SEAM,,fourth_down_change,,
2026-08-01-notre-dame,EA SPORTS™ College Football 26 2026-08-01 10-07-24.mp4,32:51,Notre Dame,3RD,167,1,10,76,1st & 10+,Singleback - Wing Pair,1RB 3TE 1WR,,,HB STRETCH,seen from Singleback - Wing Pair (1 confirmed),,,,SELECT DEFENDER: ® R OWUMFOUR,-1,loss,False,
2026-08-01-notre-dame,EA SPORTS™ College Football 26 2026-08-01 10-07-24.mp4,33:10,Notre Dame,3RD,164,2,11,77,2nd & long (7+),,,,,TE OPTION; TE SHAKE; Y STICK,his most-called plays on 2nd & long (7+),,,,MUG: CEL DOU; CKEL DOUBLE MUG: COVER 3 SKY,-10,penalty?,False,
2026-08-01-notre-dame,EA SPORTS™ College Football 26 2026-08-01 10-07-24.mp4,33:51,Notre Dame,3RD,135,2,21,87,2nd & long (7+),Singleback - Wing Tight,,,,TE SHAKE,seen from Singleback - Wing Tight (1 confirmed),,,,L DOUBLE MUG: SS BLITZ 3; DOUBLE MUG: TAMPA 2,6,gain,False,
2026-08-01-notre-dame,EA SPORTS™ College Football 26 2026-08-01 10-07-24.mp4,34:10,Notre Dame,3RD,124,3,15,81,3rd & long (7+),,1RB 3TE 1WR,TE OPTION,panel,,,MID BLITZ O,Blitz/Pressure,panel,KEL DOUBLE MUG: COVER 3 SKY,15,first_down,True,34:33
2026-08-01-notre-dame,EA SPORTS™ College Football 26 2026-08-01 10-07-24.mp4,34:29,Notre Dame,3RD,108,1,10,66,1st & 10+,Gun - Ace Slot,,,,FLOOD TRAIL; HB STRETCH,his most-called plays on 1st & 10+,,Cover 3,on-screen options,CKEL DOUBLE: COVER 3 SEAM,,turnover?,,
2026-08-01-notre-dame,EA SPORTS™ College Football 26 2026-08-01 10-07-24.mp4,35:38,Notre Dame,3RD,86,1,10,81,1st & 10+,,,,,FLOOD TRAIL; HB STRETCH,his most-called plays on 1st & 10+,,,,SELECT DEFENDER: • N. BATTLE,1,gain,False,
2026-08-01-notre-dame,EA SPORTS™ College Football 26 2026-08-01 10-07-24.mp4,35:55,Notre Dame,3RD,82,2,9,80,2nd & long (7+),Singleback - Wing Pair,1RB 3TE 1WR,,,HB STRETCH,seen from Singleback - Wing Pair (1 confirmed),,,,SELECT DEFENDER: • N. BATTLE,2,gain,False,
2026-08-01-notre-dame,EA SPORTS™ College Football 26 2026-08-01 10-07-24.mp4,36:12,Notre Dame,3RD,67,3,8,78,3rd & long (7+),,,,,TE OPTION,his most-called plays on 3rd & long (7+),,,,SELECT DEFENDER: • N. BATTLE,7,first_down,True,
2026-08-01-notre-dame,EA SPORTS™ College Football 26 2026-08-01 10-07-24.mp4,36:50,Notre Dame,3RD,34,1,10,71,1st & 10+,,,,,FLOOD TRAIL; HB STRETCH,his most-called plays on 1st & 10+,,,,,15,first_down,True,
2026-08-01-notre-dame,EA SPORTS™ College Football 26 2026-08-01 10-07-24.mp4,37:23,Notre Dame,3RD,13,1,10,56,1st & 10+,,,,,FLOOD TRAIL; HB STRETCH,his most-called plays on 1st & 10+,,,,MUG: CKEL DOL,-2,loss,False,
2026-08-01-notre-dame,EA SPORTS™ College Football 26 2026-08-01 10-07-24.mp4,37:38,Notre Dame,3RD,5,2,12,58,2nd & long (7+),,,TE ATTACK,panel,,,NICKEL 2 TRAP,,,SELECT DEFENDER: • N. BATTLE,22,first_down,True,38:23
2026-08-01-notre-dame,EA SPORTS™ College Football 26 2026-08-01 10-07-24.mp4,37:59,Notre Dame,3RD,0,1,10,36,1st & 10+,,1RB 3TE 1WR,,,FLOOD TRAIL; HB STRETCH,his most-called plays on 1st & 10+,,,,QUISIDE: RS,7,gain,True,
2026-08-01-notre-dame,EA SPORTS™ College Football 26 2026-08-01 10-07-24.mp4,38:36,Notre Dame,4TH,296,2,3,29,2nd & short (1-3),,,,,TE OPTION; Y STICK; FLOOD TRAIL,his most-called plays overall,,,,CKEL DOUBLE MUG: LB BLITZ 3; ICKEL DOUE: 2 INVERT HARD FLAT,1,gain,False,
2026-08-01-notre-dame,EA SPORTS™ College Football 26 2026-08-01 10-07-24.mp4,38:53,Notre Dame,4TH,283,3,2,28,3rd & short (1-3),,,,,TE OPTION; Y STICK; FLOOD TRAIL,his most-called plays overall,,,,RS: OB SPY,19,first_down,True,
2026-08-01-notre-dame,EA SPORTS™ College Football 26 2026-08-01 10-07-24.mp4,39:17,Notre Dame,4TH,274,1,G,9,Goal to go / inside 10,Singleback - Wing Pair,1RB 2TE 1WR,,,HB STRETCH,seen from Singleback - Wing Pair (1 confirmed),,Cover 3,on-screen options,CKEL DOUBLE MUG: COVER 3 SKY,0,no_gain,False,
2026-08-01-notre-dame,EA SPORTS™ College Football 26 2026-08-01 10-07-24.mp4,39:32,Notre Dame,4TH,265,2,G,9,Goal to go / inside 10,Singleback - Deuce Close,1RB 2TE 2WR,,,FLOOD TRAIL; Y STICK,seen from Singleback - Deuce Close (2 confirmed),,Blitz/Pressure,on-screen options,MUG: MID BLITZ O,-4,loss,False,
2026-08-01-notre-dame,EA SPORTS™ College Football 26 2026-08-01 10-07-24.mp4,39:55,Notre Dame,4TH,261,3,G,13,Goal to go / inside 10,Singleback - Deuce Close,1RB 2TE 2WR,Y STICK,panel,,,COVER 3 SEAM,Cover 3,panel,NICKEL DOUBLE MU: COVER 3 SEAM,8,gain,False,40:48
2026-08-01-notre-dame,EA SPORTS™ College Football 26 2026-08-01 10-07-24.mp4,40:17,Notre Dame,4TH,244,4,G,5,Goal to go / inside 10,Singleback - Wing Pair,1RB 3TE 1WR,,,HB STRETCH,seen from Singleback - Wing Pair (1 confirmed),,,,OUTSIDE: RS,5,touchdown,True,
2026-08-01-notre-dame,EA SPORTS™ College Football 26 2026-08-01 10-07-24.mp4,45:48,Notre Dame,4TH,74,1,10,81,1st & 10+,,1RB 3TE 1WR,,,FLOOD TRAIL; HB STRETCH,his most-called plays on 1st & 10+,,,,QUISIDE: RS,5,gain,True,
2026-08-01-notre-dame,EA SPORTS™ College Football 26 2026-08-01 10-07-24.mp4,46:10,Notre Dame,4TH,69,2,5,76,2nd & medium (4-6),,,,,TE OPTION; Y STICK; FLOOD TRAIL,his most-called plays overall,,,,SELECT DEFENDER: © N. BATTLE,3,gain,True,
2026-08-01-notre-dame,EA SPORTS™ College Football 26 2026-08-01 10-07-24.mp4,46:27,Notre Dame,4TH,53,3,2,73,3rd & short (1-3),,,,,TE OPTION; Y STICK; FLOOD TRAIL,his most-called plays overall,,Blitz/Pressure,on-screen options,MUG: MID BLITZ O,0,no_gain,False,
2026-08-01-notre-dame,EA SPORTS™ College Football 26 2026-08-01 10-07-24.mp4,46:41,Notre Dame,4TH,41,4,2,73,4th & short (1-3),,,,,TE OPTION; Y STICK; FLOOD TRAIL,his most-called plays overall,,,,SELECT DEFENDER: J. ESTEP,13,first_down,True,
2026-08-01-notre-dame,EA SPORTS™ College Football 26 2026-08-01 10-07-24.mp4,47:04,Notre Dame,4TH,35,1,10,60,1st & 10+,,,,,FLOOD TRAIL; HB STRETCH,his most-called plays on 1st & 10+,,,,SELECT DEFENDER: • N. BRTTLE,16,first_down,True,
2026-08-01-notre-dame,EA SPORTS™ College Football 26 2026-08-01 10-07-24.mp4,47:23,Notre Dame,4TH,28,1,10,44,1st & 10+,,,,,FLOOD TRAIL; HB STRETCH,his most-called plays on 1st & 10+,,Cover 3,on-screen options,CKEL DOUBLE MU: COVER 3 SEAM,0,no_gain,False,
2026-08-01-notre-dame,EA SPORTS™ College Football 26 2026-08-01 10-07-24.mp4,47:42,Notre Dame,4TH,18,2,10,44,2nd & long (7+),,,,,TE OPTION; TE SHAKE; Y STICK,his most-called plays on 2nd & long (7+),,Blitz/Pressure,on-screen options,EMUG: LB BLITZ 3,14,first_down,True,
2026-08-01-notre-dame,EA SPORTS™ College Football 26 2026-08-01 10-07-24.mp4,48:07,Notre Dame,4TH,15,1,10,30,1st & 10+,,,,,FLOOD TRAIL; HB STRETCH,his most-called plays on 1st & 10+,,,,RS: OB SPU,,turnover?,,
